channel,lower_bound,upper_bound
P1,1.0273507681793026,1.1240386637720559
P2,1.1240386637720559,1.2748783617709827
P3,1.2748783617709827,1.8600784018072822
P4,1.8600784018072822,2.86438407149338
P5,2.86438407149338,6.097562352214592
P6,6.097562352214592,11.039991779173977
P7,11.039991779173977,18.26916717940924
P8,18.26916717940924,31.908489806291083
P9,31.908489806291083,inf
